# ************************************************************
# Sequel Pro SQL dump
# Version 4541
#
# http://www.sequelpro.com/
# https://github.com/sequelpro/sequelpro
#
# Host: 127.0.0.1 (MySQL 5.7.21)
# Database: WebApp_DB
# Generation Time: 2018-04-13 11:07:26 +0000
# ************************************************************


/*!40101 SET @OLD_CHARACTER_SET_CLIENT=@@CHARACTER_SET_CLIENT */;
/*!40101 SET @OLD_CHARACTER_SET_RESULTS=@@CHARACTER_SET_RESULTS */;
/*!40101 SET @OLD_COLLATION_CONNECTION=@@COLLATION_CONNECTION */;
/*!40101 SET NAMES utf8 */;
/*!40014 SET @OLD_FOREIGN_KEY_CHECKS=@@FOREIGN_KEY_CHECKS, FOREIGN_KEY_CHECKS=0 */;
/*!40101 SET @OLD_SQL_MODE=@@SQL_MODE, SQL_MODE='NO_AUTO_VALUE_ON_ZERO' */;
/*!40111 SET @OLD_SQL_NOTES=@@SQL_NOTES, SQL_NOTES=0 */;


# Dump of table Carts
# ------------------------------------------------------------

DROP TABLE IF EXISTS `Carts`;

CREATE TABLE `Carts` (
  `cartid` text COLLATE utf8mb4_bin NOT NULL,
  `productid` int(11) NOT NULL,
  `quantity` int(11) DEFAULT '1',
  `id` int(10) unsigned NOT NULL AUTO_INCREMENT,
  PRIMARY KEY (`id`)
) ENGINE=InnoDB DEFAULT CHARSET=utf8mb4 COLLATE=utf8mb4_bin;

LOCK TABLES `Carts` WRITE;
/*!40000 ALTER TABLE `Carts` DISABLE KEYS */;

INSERT INTO `Carts` (`cartid`, `productid`, `quantity`, `id`)
VALUES
	(X'33',1,1,1),
	(X'33',20,1,2),
	(X'33',1,1,3),
	(X'33',1,1,4),
	(X'33',1,1,5),
	(X'33',20,1,6),
	(X'33',2,1,7),
	(X'33',2,1,8),
	(X'33',2,1,9),
	(X'33',2,1,10),
	(X'33',2,1,11),
	(X'33',2,1,12),
	(X'33',2,NULL,13),
	(X'33',2,NULL,14),
	(X'3230',32,NULL,15),
	(X'3230',32,NULL,16),
	(X'3230',32,NULL,17),
	(X'3230',32,NULL,18),
	(X'3230',32,NULL,19),
	(X'3230',32,NULL,20),
	(X'3230',32,NULL,21),
	(X'3230',32,NULL,22),
	(X'3332',20,NULL,23),
	(X'3332',20,NULL,24),
	(X'3332',20,NULL,25),
	(X'3332',20,NULL,26),
	(X'3332',20,NULL,27),
	(X'3332',20,NULL,28),
	(X'3332',20,NULL,29),
	(X'3332',20,NULL,30),
	(X'3332',20,NULL,31),
	(X'3230',20,NULL,32),
	(X'3230',20,NULL,33),
	(X'3230',20,NULL,34),
	(X'3230',20,NULL,35),
	(X'3230',20,NULL,36),
	(X'3230',20,NULL,37),
	(X'3230',20,NULL,38),
	(X'3230',20,NULL,39),
	(X'3230',20,NULL,40),
	(X'3230',20,NULL,41),
	(X'3230',20,NULL,42),
	(X'3230',20,NULL,43),
	(X'3230',20,NULL,44),
	(X'3230',20,NULL,45),
	(X'3230',20,NULL,46),
	(X'3230',20,NULL,47),
	(X'3230',20,NULL,48),
	(X'3230',20,NULL,49),
	(X'3230',20,NULL,50),
	(X'3230',20,NULL,51),
	(X'3230',20,NULL,52),
	(X'3230',20,NULL,53),
	(X'3230',20,NULL,54),
	(X'3230',20,NULL,55),
	(X'3230',20,NULL,56),
	(X'3230',20,NULL,57),
	(X'3230',20,NULL,58),
	(X'3230',20,NULL,59),
	(X'3230',20,NULL,60),
	(X'3230',20,NULL,61),
	(X'3230',20,NULL,62),
	(X'3230',20,NULL,63),
	(X'6634643838333932656561356538386562633162663635666461623666323234',20,NULL,64),
	(X'6634643838333932656561356538386562633162663635666461623666323234',20,NULL,65),
	(X'6634643838333932656561356538386562633162663635666461623666323234',20,NULL,66),
	(X'353735312D33306434643762363732326331643664656263626533316665643138',20,NULL,67),
	(X'353735312D33306434643762363732326331643664656263626533316665643138',20,NULL,68),
	(X'313861332D303964632D653734382D313332382D316431302D653730383336616233623562',20,NULL,69),
	(X'313861332D303964632D653734382D313332382D316431302D653730383336616233623562',20,NULL,70),
	(X'313861332D303964632D653734382D313332382D316431302D653730383336616233623562',20,NULL,71),
	(X'313861332D303964632D653734382D313332382D316431302D653730383336616233623562',20,NULL,72),
	(X'313861332D303964632D653734382D313332382D316431302D653730383336616233623562',20,NULL,73),
	(X'313861332D303964632D653734382D313332382D316431302D653730383336616233623562',20,NULL,74),
	(X'313861332D303964632D653734382D313332382D316431302D653730383336616233623562',20,NULL,75),
	(X'313861332D303964632D653734382D313332382D316431302D653730383336616233623562',20,NULL,76),
	(X'313861332D303964632D653734382D313332382D316431302D653730383336616233623562',20,NULL,77),
	(X'313861332D303964632D653734382D313332382D316431302D653730383336616233623562',20,NULL,78),
	(X'383664302D323334342D383761372D303265662D343664622D306265633935613033633165',2,NULL,116),
	(X'383664302D323334342D383761372D303265662D343664622D306265633935613033633165',1,NULL,117),
	(X'356135372D663163322D323863392D643430302D313931632D383762373462626330363732',2,NULL,118),
	(X'356135372D663163322D323863392D643430302D313931632D383762373462626330363732',2,NULL,119),
	(X'356135372D663163322D323863392D643430302D313931632D383762373462626330363732',2,NULL,120),
	(X'356135372D663163322D323863392D643430302D313931632D383762373462626330363732',2,NULL,121),
	(X'653536352D303434632D346539332D383236322D656165622D613362633830623566623334',1,NULL,122),
	(X'653536352D303434632D346539332D383236322D656165622D613362633830623566623334',1,NULL,123),
	(X'653536352D303434632D346539332D383236322D656165622D613362633830623566623334',1,NULL,124),
	(X'326337612D363461622D306266332D306564652D343330362D326334373533373266323635',1,NULL,130),
	(X'326337612D363461622D306266332D306564652D343330362D326334373533373266323635',1,NULL,131),
	(X'326337612D363461622D306266332D306564652D343330362D326334373533373266323635',1,NULL,132),
	(X'326337612D363461622D306266332D306564652D343330362D326334373533373266323635',1,NULL,133),
	(X'326337612D363461622D306266332D306564652D343330362D326334373533373266323635',1,NULL,134),
	(X'326337612D363461622D306266332D306564652D343330362D326334373533373266323635',1,NULL,135),
	(X'326337612D363461622D306266332D306564652D343330362D326334373533373266323635',1,NULL,136),
	(X'326337612D363461622D306266332D306564652D343330362D326334373533373266323635',1,NULL,137),
	(X'326337612D363461622D306266332D306564652D343330362D326334373533373266323635',1,NULL,138),
	(X'326337612D363461622D306266332D306564652D343330362D326334373533373266323635',1,NULL,139),
	(X'326337612D363461622D306266332D306564652D343330362D326334373533373266323635',1,NULL,140),
	(X'326337612D363461622D306266332D306564652D343330362D326334373533373266323635',1,NULL,141),
	(X'326337612D363461622D306266332D306564652D343330362D326334373533373266323635',1,NULL,142),
	(X'326337612D363461622D306266332D306564652D343330362D326334373533373266323635',1,NULL,143),
	(X'326233662D323835622D653136352D666236342D376434632D663736343837346138393131',1,NULL,144),
	(X'326233662D323835622D653136352D666236342D376434632D663736343837346138393131',1,NULL,145),
	(X'326233662D323835622D653136352D666236342D376434632D663736343837346138393131',1,NULL,146),
	(X'326233662D323835622D653136352D666236342D376434632D663736343837346138393131',1,NULL,147),
	(X'326233662D323835622D653136352D666236342D376434632D663736343837346138393131',1,NULL,148),
	(X'326233662D323835622D653136352D666236342D376434632D663736343837346138393131',1,NULL,149),
	(X'326233662D323835622D653136352D666236342D376434632D663736343837346138393131',1,NULL,150),
	(X'326233662D323835622D653136352D666236342D376434632D663736343837346138393131',1,NULL,151),
	(X'326233662D323835622D653136352D666236342D376434632D663736343837346138393131',1,NULL,152),
	(X'326233662D323835622D653136352D666236342D376434632D663736343837346138393131',1,NULL,153),
	(X'326233662D323835622D653136352D666236342D376434632D663736343837346138393131',1,NULL,154),
	(X'326233662D323835622D653136352D666236342D376434632D663736343837346138393131',1,NULL,155),
	(X'326233662D323835622D653136352D666236342D376434632D663736343837346138393131',1,NULL,156),
	(X'326233662D323835622D653136352D666236342D376434632D663736343837346138393131',1,NULL,157),
	(X'31',1,2,239),
	('',0,1,240),
	(X'656565342D396239612D333433612D393063302D333338642D376432356432653234616133',1,1,474),
	(X'656565342D396239612D333433612D393063302D333338642D376432356432653234616133',1,1,475),
	(X'383937362D636264362D623035382D313034382D363034622D356332396539366364326663',1,1,478),
	(X'383937362D636264362D623035382D313034382D363034622D356332396539366364326663',1,1,479),
	(X'363737642D653235642D623966392D383234642D323034652D663639306233653337653932',1,1,485),
	(X'363737642D653235642D623966392D383234642D323034652D663639306233653337653932',1,1,486),
	(X'363737642D653235642D623966392D383234642D323034652D663639306233653337653932',1,1,487),
	(X'666631652D393237332D633861392D326134342D363332312D353638343038373233373331',1,1,494),
	(X'666631652D393237332D633861392D326134342D363332312D353638343038373233373331',1,1,495),
	(X'336331302D356662662D616262632D613333662D303863632D643339343161653433383830',1,1,513),
	(X'303933382D383263652D333032342D643765332D653430322D663466636635316461366335',1,1,524),
	(X'643966352D376537622D623561612D383436352D346638362D306462663434343739343261',1,1,525),
	(X'643966352D376537622D623561612D383436352D346638362D306462663434343739343261',1,1,526),
	(X'633261382D336262332D343466342D323736612D323336352D333433646637633330636465',1,1,527),
	(X'633261382D336262332D343466342D323736612D323336352D333433646637633330636465',1,1,528),
	(X'303063662D626165332D643338392D316233392D616366612D373063363434363730613134',1,1,529),
	(X'363064352D326162662D313665352D303833302D386462392D343435636638353166666435',1,1,530),
	(X'663530642D333964392D356463342D343139662D663163652D393963383565663262623532',1,1,531),
	(X'663530642D333964392D356463342D343139662D663163652D393963383565663262623532',1,1,532),
	(X'663530642D333964392D356463342D343139662D663163652D393963383565663262623532',1,1,533),
	(X'663530642D333964392D356463342D343139662D663163652D393963383565663262623532',1,1,534),
	(X'663530642D333964392D356463342D343139662D663163652D393963383565663262623532',1,1,535),
	(X'663530642D333964392D356463342D343139662D663163652D393963383565663262623532',1,1,536),
	(X'663530642D333964392D356463342D343139662D663163652D393963383565663262623532',1,1,537),
	(X'663530642D333964392D356463342D343139662D663163652D393963383565663262623532',1,1,538),
	(X'616366352D386633372D363262342D333638312D313636612D376537663738323130636162',1,1,539),
	(X'313364632D613066632D383833612D373965622D616538372D376266373062323931363462',1,1,540),
	(X'313364632D613066632D383833612D373965622D616538372D376266373062323931363462',1,1,541),
	(X'313364632D613066632D383833612D373965622D616538372D376266373062323931363462',1,1,542),
	(X'323135652D613835662D623165302D646130632D646262652D613631396464326463393436',1,1,543),
	(X'353161612D373034352D336136382D383465632D653634652D656564653461643861636562',1,1,544),
	(X'353161612D373034352D336136382D383465632D653634652D656564653461643861636562',1,1,545),
	(X'353161612D373034352D336136382D383465632D653634652D656564653461643861636562',1,1,546),
	(X'663230622D356535632D623236352D666534312D663337332D366264353961366333623863',1,1,547),
	(X'663230622D356535632D623236352D666534312D663337332D366264353961366333623863',1,1,548),
	(X'663564382D666263312D356439342D316133642D356536612D316630396166303736386338',1,1,549),
	(X'623736312D623132392D396165392D626336332D336336622D346466656133383232386632',1,1,550),
	(X'633434322D343636632D333732392D366537652D646132392D643932323235313336383730',1,1,551),
	(X'633434322D343636632D333732392D366537652D646132392D643932323235313336383730',1,1,552),
	(X'633434322D343636632D333732392D366537652D646132392D643932323235313336383730',1,1,553),
	(X'633434322D343636632D333732392D366537652D646132392D643932323235313336383730',1,1,554),
	(X'633434322D343636632D333732392D366537652D646132392D643932323235313336383730',1,1,555),
	(X'633434322D343636632D333732392D366537652D646132392D643932323235313336383730',1,1,556),
	(X'633434322D343636632D333732392D366537652D646132392D643932323235313336383730',1,1,557),
	(X'633434322D343636632D333732392D366537652D646132392D643932323235313336383730',1,1,558),
	(X'633434322D343636632D333732392D366537652D646132392D643932323235313336383730',1,1,559),
	(X'633434322D343636632D333732392D366537652D646132392D643932323235313336383730',1,1,560),
	(X'633434322D343636632D333732392D366537652D646132392D643932323235313336383730',1,1,561),
	(X'633434322D343636632D333732392D366537652D646132392D643932323235313336383730',1,1,562),
	(X'633434322D343636632D333732392D366537652D646132392D643932323235313336383730',1,1,563),
	(X'633434322D343636632D333732392D366537652D646132392D643932323235313336383730',1,1,564),
	(X'633434322D343636632D333732392D366537652D646132392D643932323235313336383730',1,1,565),
	(X'633434322D343636632D333732392D366537652D646132392D643932323235313336383730',1,1,566),
	(X'633434322D343636632D333732392D366537652D646132392D643932323235313336383730',1,1,567),
	(X'633434322D343636632D333732392D366537652D646132392D643932323235313336383730',1,1,568),
	(X'633434322D343636632D333732392D366537652D646132392D643932323235313336383730',1,1,569),
	(X'633434322D343636632D333732392D366537652D646132392D643932323235313336383730',1,1,570),
	(X'633434322D343636632D333732392D366537652D646132392D643932323235313336383730',1,1,571),
	(X'633434322D343636632D333732392D366537652D646132392D643932323235313336383730',1,1,572),
	(X'633434322D343636632D333732392D366537652D646132392D643932323235313336383730',1,1,573),
	(X'633434322D343636632D333732392D366537652D646132392D643932323235313336383730',1,1,574),
	(X'633434322D343636632D333732392D366537652D646132392D643932323235313336383730',1,1,575),
	(X'633434322D343636632D333732392D366537652D646132392D643932323235313336383730',1,1,576),
	(X'633434322D343636632D333732392D366537652D646132392D643932323235313336383730',1,1,577),
	(X'633434322D343636632D333732392D366537652D646132392D643932323235313336383730',1,1,578),
	(X'633434322D343636632D333732392D366537652D646132392D643932323235313336383730',1,1,579),
	(X'633434322D343636632D333732392D366537652D646132392D643932323235313336383730',1,1,580),
	(X'633434322D343636632D333732392D366537652D646132392D643932323235313336383730',1,1,581),
	(X'633434322D343636632D333732392D366537652D646132392D643932323235313336383730',1,1,582),
	(X'633434322D343636632D333732392D366537652D646132392D643932323235313336383730',1,1,583),
	(X'633434322D343636632D333732392D366537652D646132392D643932323235313336383730',1,1,584),
	(X'633434322D343636632D333732392D366537652D646132392D643932323235313336383730',1,1,585),
	(X'386664612D303032652D353234642D303739362D346361622D633931343165313337333931',1,1,586),
	(X'386664612D303032652D353234642D303739362D346361622D633931343165313337333931',1,1,587),
	(X'623232322D323362622D383661362D386165372D636438662D353966313233313132666663',1,1,588),
	(X'393431652D326661362D336664342D316366332D386131352D396635643535303064323735',2,1,589),
	(X'646165652D343561332D633338612D303661382D386362392D373539643565343430333039',1,1,590),
	(X'646165652D343561332D633338612D303661382D386362392D373539643565343430333039',1,1,591),
	(X'646165652D343561332D633338612D303661382D386362392D373539643565343430333039',1,1,592),
	(X'323339622D373337382D373262382D656631612D613163632D653431633432623233316431',1,1,593),
	(X'656661622D633432332D386165622D633833332D303362392D366563346436313633633035',1,1,594),
	(X'656661622D633432332D386165622D633833332D303362392D366563346436313633633035',1,1,595),
	(X'656661622D633432332D386165622D633833332D303362392D366563346436313633633035',1,1,596),
	(X'336564342D306234642D666139312D343261612D636363662D633661383662633932613339',1,1,597),
	(X'336564342D306234642D666139312D343261612D636363662D633661383662633932613339',1,1,598),
	(X'336564342D306234642D666139312D343261612D636363662D633661383662633932613339',1,1,599),
	(X'336564342D306234642D666139312D343261612D636363662D633661383662633932613339',1,1,600),
	(X'623565372D343639342D313336372D373637652D623838632D616332383164313766643864',1,1,601),
	(X'643038322D323531662D383837652D366539342D376263352D393031343164326332353461',2,1,605),
	(X'386362362D646533622D656136622D393966392D643832342D373431333831613336316430',1,1,606),
	(X'386362362D646533622D656136622D393966392D643832342D373431333831613336316430',1,1,607),
	(X'386531612D366162642D393463362D316436362D386364662D646131313638613533333062',1,1,608),
	(X'373233392D303138352D636134392D333532352D373864372D656433633031636430376231',1,1,611),
	(X'373663312D393130612D393032392D643837372D616562322D366533303061323038626339',1,1,612),
	(X'326539622D336562372D613630352D323137652D383531352D386534363432613766626666',1,1,613),
	(X'653130332D653232372D393961312D316231382D313163342D663937636636306165306531',1,1,614),
	(X'653130332D653232372D393961312D316231382D313163342D663937636636306165306531',1,1,615),
	(X'643035372D363932662D396461362D346537392D623466342D626230343365373634396637',2,1,616),
	(X'643035372D363932662D396461362D346537392D623466342D626230343365373634396637',1,1,617),
	(X'353635612D336661362D383362642D613166322D636566662D313166313662663664616634',1,1,618),
	(X'306134302D633364312D313662362D303630362D666261372D376234316561353561386265',1,1,619),
	(X'663332622D393136382D643537332D373138642D366161632D383331386639643438353633',1,1,620),
	(X'323932632D323565632D646162662D366365332D646139372D653435313062346665613365',1,1,621),
	(X'316339622D623032642D653132642D356237632D326333332D623531313864666262386337',1,1,622),
	(X'653134632D663631652D633865362D303933342D343639382D633534363833376436613533',1,1,623),
	(X'356535372D623463352D623331382D343661362D623231652D323265343465393965373534',1,1,624),
	(X'633334372D313330642D386534382D353430622D333266362D366364386335333533373530',1,1,625),
	(X'626636332D326230392D623031642D656639332D623063392D363431356135353132353833',1,1,626),
	(X'626636332D326230392D623031642D656639332D623063392D363431356135353132353833',1,1,627),
	(X'626636332D326230392D623031642D656639332D623063392D363431356135353132353833',1,1,628),
	(X'336639362D303539622D306136332D393161352D633263332D313161636539376562323963',1,1,629),
	(X'663032642D363035352D323839642D363834332D663736312D393634376538646233323538',1,1,630),
	(X'333332392D343537622D363035322D356166372D633061302D363134623633623331383537',1,1,631),
	(X'333332392D343537622D363035322D356166372D633061302D363134623633623331383537',1,1,632),
	(X'333332392D343537622D363035322D356166372D633061302D363134623633623331383537',1,1,633),
	(X'373463612D353162312D383761612D613835652D373437612D643931353033363036373939',1,1,634),
	(X'333131662D323262662D643635652D326232652D313738612D316436336366653839643330',1,1,635),
	(X'656632392D353265642D313935612D383362622D623530632D323930643434313661323266',1,1,636),
	(X'656632392D353265642D313935612D383362622D623530632D323930643434313661323266',1,1,637),
	(X'656632392D353265642D313935612D383362622D623530632D323930643434313661323266',1,1,638),
	(X'656632392D353265642D313935612D383362622D623530632D323930643434313661323266',1,1,639),
	(X'656632392D353265642D313935612D383362622D623530632D323930643434313661323266',1,1,640),
	(X'373334382D663464352D373939642D313039332D373332332D346261303361306434376631',1,1,641),
	(X'373334382D663464352D373939642D313039332D373332332D346261303361306434376631',1,1,642),
	(X'373334382D663464352D373939642D313039332D373332332D346261303361306434376631',1,1,643),
	(X'373334382D663464352D373939642D313039332D373332332D346261303361306434376631',2,1,644),
	(X'643734342D383961342D393563632D323237312D363834632D326165343839613531616262',1,1,645),
	(X'643734342D383961342D393563632D323237312D363834632D326165343839613531616262',1,1,646),
	(X'643734342D383961342D393563632D323237312D363834632D326165343839613531616262',1,1,647),
	(X'643734342D383961342D393563632D323237312D363834632D326165343839613531616262',1,1,648),
	(X'643734342D383961342D393563632D323237312D363834632D326165343839613531616262',1,1,649),
	(X'643734342D383961342D393563632D323237312D363834632D326165343839613531616262',1,1,650),
	(X'643734342D383961342D393563632D323237312D363834632D326165343839613531616262',1,1,651),
	(X'643734342D383961342D393563632D323237312D363834632D326165343839613531616262',1,1,652),
	(X'643734342D383961342D393563632D323237312D363834632D326165343839613531616262',1,1,653),
	(X'643734342D383961342D393563632D323237312D363834632D326165343839613531616262',1,1,654),
	(X'643734342D383961342D393563632D323237312D363834632D326165343839613531616262',1,1,655),
	(X'643734342D383961342D393563632D323237312D363834632D326165343839613531616262',1,1,656),
	(X'643734342D383961342D393563632D323237312D363834632D326165343839613531616262',1,1,657),
	(X'643734342D383961342D393563632D323237312D363834632D326165343839613531616262',1,1,658),
	(X'643734342D383961342D393563632D323237312D363834632D326165343839613531616262',1,1,659),
	(X'643734342D383961342D393563632D323237312D363834632D326165343839613531616262',1,1,660),
	(X'643734342D383961342D393563632D323237312D363834632D326165343839613531616262',1,1,661),
	(X'643734342D383961342D393563632D323237312D363834632D326165343839613531616262',1,1,662),
	(X'643734342D383961342D393563632D323237312D363834632D326165343839613531616262',1,1,663),
	(X'663835312D626238342D323038612D343231392D393536322D313931346635393737653261',1,1,664),
	(X'663835312D626238342D323038612D343231392D393536322D313931346635393737653261',1,1,665),
	(X'663835312D626238342D323038612D343231392D393536322D313931346635393737653261',1,1,666),
	(X'663835312D626238342D323038612D343231392D393536322D313931346635393737653261',1,1,667),
	(X'663835312D626238342D323038612D343231392D393536322D313931346635393737653261',1,1,668),
	(X'636335642D646635302D623964332D653131382D336261642D363136643739356362373636',1,1,669),
	(X'636335642D646635302D623964332D653131382D336261642D363136643739356362373636',1,1,670),
	(X'336535362D656438392D663333392D633865392D323236622D393236303637313830653561',1,1,671),
	(X'313032612D393362392D323264332D613732382D646439372D626662373465656561616330',1,1,672),
	(X'313762652D666433342D313461382D366233652D373630322D643033343133396431353565',1,1,673),
	(X'653733612D373734322D343332662D356532342D663336382D636364313561366261303535',1,1,674),
	(X'653733612D373734322D343332662D356532342D663336382D636364313561366261303535',1,1,675),
	(X'626561662D363134622D373161612D393639372D623763372D343931326162323539353832',1,1,676),
	(X'626434622D323462312D386364642D333465372D656533322D373064343035373935653566',1,1,677),
	(X'663735322D633739632D633139342D373032662D326237342D396338333833623863643331',1,1,678),
	(X'316539322D346263332D363463332D373966302D316439302D343664346164323137363736',1,1,679),
	(X'663231312D323636642D613861662D303665372D373964332D383865353837323633633030',1,1,680),
	(X'663231312D323636642D613861662D303665372D373964332D383865353837323633633030',1,1,681),
	(X'656630342D393339382D333234312D666465652D303132352D663064323963326366353164',1,1,682),
	(X'656630342D393339382D333234312D666465652D303132352D663064323963326366353164',1,1,683),
	(X'656630342D393339382D333234312D666465652D303132352D663064323963326366353164',1,1,684),
	(X'653930612D663165342D346461652D396163372D323664332D646336356331376436656530',1,1,685),
	(X'316366332D643033372D393466322D396361392D363937362D396436623365313136613266',1,1,686),
	(X'353138632D353333312D323933322D353435352D313839632D373330346231323838363632',1,1,742),
	(X'353138632D353333312D323933322D353435352D313839632D373330346231323838363632',1,1,743),
	(X'353138632D353333312D323933322D353435352D313839632D373330346231323838363632',1,1,744),
	(X'353138632D353333312D323933322D353435352D313839632D373330346231323838363632',1,1,745),
	(X'353138632D353333312D323933322D353435352D313839632D373330346231323838363632',1,1,746),
	(X'353138632D353333312D323933322D353435352D313839632D373330346231323838363632',1,1,747),
	(X'353138632D353333312D323933322D353435352D313839632D373330346231323838363632',1,1,748),
	(X'613165342D663164302D386339382D303561662D333734312D356236336535363836666462',1,1,755),
	(X'316164612D636430362D383237612D303562622D313633302D336131353232353962653435',1,1,756),
	(X'666164632D373764362D306331632D313235362D313337612D366165343538366161363530',1,1,757),
	(X'333662632D356661352D373761612D303766312D646436322D613233333137616636613838',1,1,758),
	(X'316561622D333466662D346664312D386136312D396434612D326139373463333631313534',1,1,759),
	(X'623865322D626131332D363764342D316530362D656439392D626263656338376139633766',1,1,760),
	(X'633539362D333939332D373365382D383431322D326632382D623937393464366263316264',2,1,764),
	(X'633539362D333939332D373365382D383431322D326632382D623937393464366263316264',2,1,765),
	(X'633539362D333939332D373365382D383431322D326632382D623937393464366263316264',2,1,766),
	(X'336635642D356537642D373439382D393338382D393330362D333034616633616538303463',2,1,767),
	(X'633066362D333762612D623631632D646265322D366166642D616632663231376333303366',1,1,768),
	(X'303365652D373832642D383636622D336530342D623534312D343762386664646164653162',1,1,775),
	(X'303365652D373832642D383636622D336530342D623534312D343762386664646164653162',1,1,776),
	(X'346234382D646161322D653866342D346464352D333062342D636536343761663664356339',1,1,777),
	(X'346234382D646161322D653866342D346464352D333062342D636536343761663664356339',1,1,778),
	(X'653436662D633933632D313230382D623333662D643833392D646234613561343963613461',1,1,779),
	(X'356238622D373831352D356434392D353333642D303932342D336161393231376134373665',1,1,780),
	(X'356238622D373831352D356434392D353333642D303932342D336161393231376134373665',1,1,781),
	(X'336239382D313035392D346438302D663764622D363739362D646234616634613533393030',1,1,782),
	(X'636662362D363064622D306333632D376634312D386235632D306631326462306335313431',2,1,783),
	(X'636662362D363064622D306333632D376634312D386235632D306631326462306335313431',2,1,784),
	(X'313931322D653838622D396538612D383165382D306461362D643565326462383961613864',2,1,785),
	(X'313931322D653838622D396538612D383165382D306461362D643565326462383961613864',2,1,786),
	(X'643461392D646330372D333736332D613365372D666366622D363833656166343762306664',1,1,787),
	(X'643461392D646330372D333736332D613365372D666366622D363833656166343762306664',1,1,788),
	(X'363333362D333439362D386133382D373064612D393539392D663334303437636334303162',2,1,789),
	(X'363333362D333439362D386133382D373064612D393539392D663334303437636334303162',2,1,790),
	(X'333266322D353534662D376664362D613032642D633535352D663438636331626330623431',2,1,791),
	(X'316339362D623634662D646534322D386332322D313231622D656464393733643836623031',1,1,792),
	(X'623438392D336562632D646135312D636137362D626439322D633633396264613039666166',1,1,793),
	(X'656639642D313261382D666235622D646435382D356263372D636461653337393036366535',2,1,794),
	(X'323063322D623666642D356164642D333266622D343433322D633161666433373531363839',1,1,795),
	(X'303838372D313134622D313165662D646533622D663263362D356537393237323330636238',1,1,796);

/*!40000 ALTER TABLE `Carts` ENABLE KEYS */;
UNLOCK TABLES;


# Dump of table News
# ------------------------------------------------------------

DROP TABLE IF EXISTS `News`;

CREATE TABLE `News` (
  `Id` int(11) NOT NULL AUTO_INCREMENT,
  `Header` text COLLATE utf8mb4_bin NOT NULL,
  `Body` text COLLATE utf8mb4_bin NOT NULL,
  `Author` text COLLATE utf8mb4_bin,
  PRIMARY KEY (`Id`)
) ENGINE=InnoDB DEFAULT CHARSET=utf8mb4 COLLATE=utf8mb4_bin;

LOCK TABLES `News` WRITE;
/*!40000 ALTER TABLE `News` DISABLE KEYS */;

INSERT INTO `News` (`Id`, `Header`, `Body`, `Author`)
VALUES
	(1,X'4E45572045444954205445535420424553542045564552',X'59455320564552592042455354',NULL),
	(2,X'5448495320484953205550444154454420504C45415345',X'45444954',NULL),
	(3,X'434F4D494E47204241434B20746F204E6F726D616C',X'45444954',NULL),
	(4,X'506C656173652068656C70',X'48616C7073',NULL),
	(5,X'54484953204953204E4F54205745444954',X'45444954',NULL);

/*!40000 ALTER TABLE `News` ENABLE KEYS */;
UNLOCK TABLES;


# Dump of table OrderProducts
# ------------------------------------------------------------

DROP TABLE IF EXISTS `OrderProducts`;

CREATE TABLE `OrderProducts` (
  `id` int(11) unsigned NOT NULL AUTO_INCREMENT,
  `order_id` int(11) DEFAULT NULL,
  `product_id` int(11) DEFAULT NULL,
  `price` int(11) DEFAULT NULL,
  PRIMARY KEY (`id`)
) ENGINE=InnoDB DEFAULT CHARSET=utf8;

LOCK TABLES `OrderProducts` WRITE;
/*!40000 ALTER TABLE `OrderProducts` DISABLE KEYS */;

INSERT INTO `OrderProducts` (`id`, `order_id`, `product_id`, `price`)
VALUES
	(1,NULL,NULL,NULL),
	(2,39,1,249),
	(3,39,1,249),
	(4,39,1,249),
	(5,40,1,249),
	(6,40,1,249),
	(7,40,1,249),
	(8,41,1,249),
	(9,41,1,249),
	(10,41,1,249),
	(11,42,1,249),
	(12,42,1,249),
	(13,43,1,249),
	(14,43,1,249),
	(15,44,1,249),
	(16,44,1,249),
	(17,45,1,249),
	(18,45,1,249),
	(19,46,1,249),
	(20,46,1,249),
	(21,47,1,249),
	(22,47,1,249),
	(23,48,1,249),
	(24,48,1,249),
	(25,49,1,249),
	(26,50,1,249),
	(27,50,1,249),
	(28,51,1,249),
	(29,52,2,199),
	(30,52,2,199),
	(31,53,2,199),
	(32,53,2,199),
	(33,54,1,249),
	(34,54,1,249),
	(35,55,2,199),
	(36,55,2,199),
	(37,56,2,199),
	(38,57,1,249),
	(39,58,1,249),
	(40,59,2,199),
	(41,60,1,249),
	(42,61,1,249),
	(43,62,1,249),
	(44,62,1,249),
	(45,63,1,249);

/*!40000 ALTER TABLE `OrderProducts` ENABLE KEYS */;
UNLOCK TABLES;


# Dump of table Orders
# ------------------------------------------------------------

DROP TABLE IF EXISTS `Orders`;

CREATE TABLE `Orders` (
  `id` int(11) unsigned NOT NULL AUTO_INCREMENT,
  `first_name` text,
  `last_name` text,
  `email` text,
  `adress` text,
  `post_code` text,
  `city` text,
  `total` int(11) DEFAULT NULL,
  PRIMARY KEY (`id`)
) ENGINE=InnoDB DEFAULT CHARSET=utf8;

LOCK TABLES `Orders` WRITE;
/*!40000 ALTER TABLE `Orders` DISABLE KEYS */;

INSERT INTO `Orders` (`id`, `first_name`, `last_name`, `email`, `adress`, `post_code`, `city`, `total`)
VALUES
	(1,NULL,NULL,'verybekaga@mailinator.com','Enim quis repudiandae nostrum a iure sequi nesciunt voluptatem Voluptatem','0','In laudantium obcaecati sit autem est deleniti vitae occaecat sit amet at qui minus',NULL),
	(2,NULL,NULL,'verybekaga@mailinator.com','Enim quis repudiandae nostrum a iure sequi nesciunt voluptatem Voluptatem','0','In laudantium obcaecati sit autem est deleniti vitae occaecat sit amet at qui minus',NULL),
	(3,NULL,NULL,'dysysyb@mailinator.com','Magnam laborum Blanditiis sit eveniet dolorem sit ipsa praesentium dolore qui nulla ut','0','Placeat dolor aliquam exercitationem expedita reiciendis architecto at voluptatum',NULL),
	(4,NULL,NULL,'paryze@mailinator.net','Ad sit atque autem commodo non qui eu sed quod velit qui aut nesciunt odio dolorem aperiam consequat Accusamus doloremque','0','Incididunt labore Nam aliquam iure exercitationem consequatur sunt nulla beatae possimus',NULL),
	(5,NULL,NULL,'paryze@mailinator.net','Ad sit atque autem commodo non qui eu sed quod velit qui aut nesciunt odio dolorem aperiam consequat Accusamus doloremque','0','Incididunt labore Nam aliquam iure exercitationem consequatur sunt nulla beatae possimus',NULL),
	(6,NULL,NULL,'paryze@mailinator.net','Ad sit atque autem commodo non qui eu sed quod velit qui aut nesciunt odio dolorem aperiam consequat Accusamus doloremque','0','Incididunt labore Nam aliquam iure exercitationem consequatur sunt nulla beatae possimus',NULL),
	(7,NULL,NULL,'paryze@mailinator.net','Ad sit atque autem commodo non qui eu sed quod velit qui aut nesciunt odio dolorem aperiam consequat Accusamus doloremque','0','Incididunt labore Nam aliquam iure exercitationem consequatur sunt nulla beatae possimus',NULL),
	(8,NULL,NULL,'xany@mailinator.com','Veniam cupiditate omnis mollit quis','0','Iste quidem dolore dolor iste minima culpa omnis enim autem obcaecati exercitationem ad qui ut delectus culpa veniam',NULL),
	(9,NULL,NULL,'jefiwo@mailinator.com','In consequatur fuga Consequat Sequi nulla praesentium ratione rerum ducimus autem ut aut mollitia odio debitis neque','0','Nam culpa culpa voluptas eos iusto et sed do deserunt ex vel natus',NULL),
	(10,NULL,NULL,'kimy@mailinator.net','Ad deleniti iusto cupidatat labore molestias non soluta quisquam dolore consequatur nesciunt suscipit nulla sunt cumque tenetur assumenda','0','Possimus aspernatur anim dignissimos natus molestiae aliquip id adipisci ut alias magnam excepteur sunt lorem reiciendis',NULL),
	(11,NULL,NULL,'natab@mailinator.com','Quam vel irure cupidatat aliquid magna laboris quisquam esse aut natus voluptate sint quas facilis labore do ut ea','0','Rem porro unde sint quo voluptatem maiores',NULL),
	(12,NULL,NULL,'tywawaze@mailinator.com','Quod omnis ea in reiciendis in consequuntur neque voluptatum deserunt amet dolore sed error amet sed dolore','0','Vitae natus quia corporis officiis laborum in a adipisicing proident autem est officia et placeat fugit tempor nesciunt',NULL),
	(13,'Nelle','Sears','gihycezog@mailinator.net','Aute a magni repellendus Deserunt eius laboris aut aliqua Odit omnis sunt','123','Hic commodo facere explicabo Aliqua Officiis voluptatem Qui',NULL),
	(14,'Kameko','Emerson','kiqacimywi@mailinator.com','Consequatur Enim cum tempore itaque possimus cum culpa laborum Magna veritatis ipsa eos atque reprehenderit harum qui duis dolorem','123','Iusto ex harum voluptatem excepteur in quos dolorum veritatis asperiores eu deserunt Nam nostrum in eaque',NULL),
	(15,'Kameko','Emerson','kiqacimywi@mailinator.com','Consequatur Enim cum tempore itaque possimus cum culpa laborum Magna veritatis ipsa eos atque reprehenderit harum qui duis dolorem','12323','Iusto ex harum voluptatem excepteur in quos dolorum veritatis asperiores eu deserunt Nam nostrum in eaque',NULL),
	(16,'Ingrid','Barker','pomejyxiv@mailinator.com','In quasi ullamco enim aperiam ea laborum Minim perspiciatis magni accusamus est natus distinctio Ea','123','Quam dicta aute nisi et qui id iusto aut cupidatat culpa consectetur dolorum ipsum pariatur Ex velit vitae',NULL),
	(17,'Ivor','Santana','redobowyse@mailinator.com','Eveniet deserunt veniam et totam dolore in voluptatum aliqua Quo quo pariatur Dolorem mollitia velit blanditiis hic fugit ea','7','Dolor lorem aute vel ea aliquam id non qui distinctio Aut',NULL),
	(18,'Olivia','Webster','fuweg@mailinator.com','Eius ex commodi deserunt accusantium','31','Rem est dolores eveniet voluptatem Voluptas',NULL),
	(19,'Rinah','Hays','kuwu@mailinator.com','Ut dolore nihil quia mollit sit eveniet earum eum quia iste tenetur alias facilis fugiat','80','Ut minus praesentium incidunt voluptate commodi id unde culpa laborum vel',NULL),
	(20,'Dieter','Stout','laramulyj@mailinator.net','Rerum nemo sed facilis ipsum molestias iste voluptates rerum','64','Rem pariatur Voluptas sed necessitatibus cumque beatae nemo magnam porro cum lorem dolorem aliquam magnam',NULL),
	(21,'Patrick','Fuller','zadycowado@mailinator.net','Exercitation nulla vero iusto rerum quae aperiam quos nemo officia','70','Autem debitis dolor non dolores delectus ullam',NULL),
	(22,'Nomlanga','Spencer','lufogubepe@mailinator.net','Sunt expedita veniam consequuntur cupidatat et incididunt ea non deserunt perferendis eius ut nostrum maxime deserunt','27','Cumque cumque porro corrupti ex sequi perferendis lorem aut esse modi fugiat iure officia labore quasi accusantium reprehenderit vel',NULL),
	(23,'Nolan','Frazier','madowaka@mailinator.net','Sunt minima mollitia eaque voluptatum proident dolores odio in ut exercitationem quo minim','40','Nostrum quo consectetur voluptatem id recusandae Quod',NULL),
	(24,'Suki','Holt','bahuqic@mailinator.com','Optio aliqua Et ut dicta eligendi ea et duis qui eum iusto autem nobis ut voluptatem laborum Eiusmod sint','28','Suscipit animi consequat Sit optio duis voluptatem eum provident ipsam inventore eaque aliquip blanditiis',NULL),
	(25,'Adrian','Pacheco','vuzyco@mailinator.com','Nihil vitae et cupidatat quam aspernatur eos accusantium rerum voluptas vel','81','Quia beatae aliquam sint mollit ad dolores obcaecati nulla amet laborum Sunt accusamus deleniti et eos',NULL),
	(26,'Chadwick','Justice','hacecirym@mailinator.com','Consequatur ipsam laudantium velit autem consequatur ex id maiores sunt exercitation qui blanditiis qui dicta corporis cumque eiusmod quia pariatur','40','Tempor laboris dolorum libero eveniet magnam fuga Natus nisi officia minus quisquam quam at sit dolor sunt a',NULL),
	(27,'Aiko','Osborne','licekyd@mailinator.net','Sed dolore ut corporis maiores enim dolores assumenda perferendis consequatur similique','5','Esse aliquip voluptatum accusamus alias et vero aut qui quo unde est tempore quibusdam',NULL),
	(28,'Aiko','Osborne','licekyd@mailinator.net','Sed dolore ut corporis maiores enim dolores assumenda perferendis consequatur similique','5','Esse aliquip voluptatum accusamus alias et vero aut qui quo unde est tempore quibusdam',NULL),
	(29,'George','Daniel','nerix@mailinator.net','Commodi non reprehenderit voluptatem deserunt','81','Ipsum saepe exercitation anim voluptate magni',NULL),
	(30,'Lucius','Mosley','nivudulek@mailinator.net','Aliquip dolor magnam dicta tenetur excepturi','8','Et molestias id sunt quos id eum eveniet temporibus velit culpa irure eos enim aliqua Officia non dolor maiores fugit',NULL),
	(31,'Ramona','Raymond','hyranerixe@mailinator.net','Vel consectetur omnis non harum quia eius harum duis natus consequuntur nisi','59','Ab aspernatur sunt id officia',NULL),
	(32,'Nadine','Wiley','nyha@mailinator.net','Distinctio Totam qui do ducimus sapiente doloremque rerum repudiandae id qui ullamco et in voluptas aut','54','Dolorum aut eum rem nisi consectetur voluptatem Aut sequi consequat Minus ratione eos',NULL),
	(33,'Oscar','Neal','foxovolit@mailinator.com','Qui blanditiis quia consectetur incidunt officia ut omnis eiusmod molestiae officia voluptas dolor sit nostrud fugiat et aut','10','Veniam ex consequat Amet necessitatibus fuga Veniam eligendi ullamco consectetur obcaecati qui',498),
	(34,'  ','Puckett','wituz@mailinator.com','Rerum culpa assumenda quis distinctio Velit id consequatur Nostrum','12','Dolor voluptas eaque facere magnam sit in asperiores veniam omnis deserunt aliqua Adipisicing quos aliquam molestiae quis',498),
	(35,'  ','Puckett','wituz@mailinator.com','Rerum culpa assumenda quis distinctio Velit id consequatur Nostrum','12','Dolor voluptas eaque facere magnam sit in asperiores veniam omnis deserunt aliqua Adipisicing quos aliquam molestiae quis',498),
	(36,'s ','David','samysane@mailinator.net','Tempora eius elit qui ab ipsam esse dolorem est qui reprehenderit molestiae illum','21','Exercitationem velit aliquip eos corporis quo labore omnis voluptatum quos',498),
	(37,'asd','David','samysane@mailinator.net','Tempora eius elit qui ab ipsam esse dolorem est qui reprehenderit molestiae illum','21','Exercitationem velit aliquip eos corporis quo labore omnis voluptatum quos',498),
	(38,'Andreas','Lundqvist','momentiris@gmail.com','Bajs','1337','Göteborg',747),
	(39,'Abdul','Rocha','toburyn@mailinator.com','Fuga Sapiente nemo et nihil aliquid aperiam culpa incididunt ipsam lorem cupiditate exercitation unde voluptatem','21','Error modi velit libero alias saepe sed accusantium',747),
	(40,'Amanda','Mcdowell','lybavigemy@mailinator.net','Corrupti esse aliquip quod fugiat aliquip','29','Dolorum occaecat rem eum aliquip quibusdam quisquam corporis adipisci perspiciatis facere ducimus dolore rerum expedita',747),
	(41,'Barrett','Russo','rumyfuvica@mailinator.net','Optio ea perferendis ipsum iure dolore deleniti omnis proident cumque magnam vel deleniti dolores numquam ut','83','Voluptas quam nulla deleniti tenetur odio ab qui quia mollit consectetur quasi ut rem dolor commodi debitis in reiciendis explicabo',747),
	(42,'Jocelyn','Byers','duvehiqiw@mailinator.net','Facilis eos sint inventore dolorem voluptate recusandae Enim nostrud modi porro id vero eveniet dolore officia','27','Odio doloremque magna irure dolore molestias nesciunt anim qui et soluta in voluptate cum quos voluptas et ut in',498),
	(43,'Jocelyn','Byers','duvehiqiw@mailinator.net','Facilis eos sint inventore dolorem voluptate recusandae Enim nostrud modi porro id vero eveniet dolore officia','27','Odio doloremque magna irure dolore molestias nesciunt anim qui et soluta in voluptate cum quos voluptas et ut in',498),
	(44,'Jocelyn','Byers','duvehiqiw@mailinator.net','Facilis eos sint inventore dolorem voluptate recusandae Enim nostrud modi porro id vero eveniet dolore officia','27','Odio doloremque magna irure dolore molestias nesciunt anim qui et soluta in voluptate cum quos voluptas et ut in',498),
	(45,'Jemima','Brooks','qevuki@mailinator.net','Soluta magna facere cum consectetur ut ut esse lorem culpa sunt aut aut in irure tempor similique','35','Nisi quis sapiente nisi eos et ratione maiores at in alias pariatur Ipsum blanditiis impedit culpa ut',498),
	(46,'Shelley','Leonard','kagiwoj@mailinator.net','Qui tempore amet possimus amet aute veritatis et nesciunt deserunt numquam alias est perferendis obcaecati','70','Voluptas minim dolorem possimus quibusdam totam dicta consequatur Veritatis consequatur dolores cupidatat quaerat labore voluptatem blanditiis eu iusto',498),
	(47,'Shelley','Leonard','kagiwoj@mailinator.net','Qui tempore amet possimus amet aute veritatis et nesciunt deserunt numquam alias est perferendis obcaecati','70','Voluptas minim dolorem possimus quibusdam totam dicta consequatur Veritatis consequatur dolores cupidatat quaerat labore voluptatem blanditiis eu iusto',498),
	(48,'Melvin','Ramos','qubyde@mailinator.net','Ipsum tempor ut magna facilis est commodi explicabo Tempora enim do at non aut accusamus nulla velit libero illum','48','Adipisicing nisi anim velit consequatur officiis officia non',498),
	(49,'Garth','Dickson','giju@mailinator.com','Dolorem elit odit cumque autem','62','Quia sapiente consectetur et aut rerum quia fuga Nihil excepteur laboris explicabo Non duis aut minus enim neque accusantium',249),
	(50,'Brenden','Boone','zaqe@mailinator.com','Et do enim velit ea delectus rerum sed error aut eveniet anim do qui consectetur dolore ab vel','90','Fugiat do quas non magnam placeat alias est aut sit dolorum aliquam rem consectetur quibusdam temporibus delectus tempore',498),
	(51,'Mark','Silva','zybigylud@mailinator.com','Optio cumque blanditiis ut provident culpa eligendi voluptas occaecat qui asperiores alias','75','Similique et autem id at aperiam commodi nemo qui officia ullamco',249),
	(52,'Merritt','Frederick','cafawene@mailinator.net','Ipsam accusamus dolores dolor rerum esse autem lorem mollit dolores quasi tempore dolorem nisi nostrum dolor dolor cupiditate','98','Dolor quas eveniet maiores ea ex sint assumenda aut',398),
	(53,'Seth','Roberts','tanypu@mailinator.net','Nam minima id expedita id nemo adipisicing','7','Laudantium unde molestiae qui et mollit velit eos aliquip soluta laborum Magna fugiat eiusmod rerum consequatur',398),
	(54,'Raven','Mcdaniel','xiliwum@mailinator.net','Quas voluptas reiciendis dolore itaque omnis eius commodo necessitatibus est atque eum neque veritatis','2','Temporibus tenetur labore tempora quisquam accusamus dolorem consequuntur',498),
	(55,'Ira','Bowman','geqag@mailinator.com','Deserunt minus sint id nulla','65','Dicta aspernatur ea et iste nihil incidunt beatae dolorem ea minima dignissimos',398),
	(56,'Gannon','Lott','xizuwixyt@mailinator.com','Sed ut velit eius iusto proident distinctio Aute voluptas itaque libero enim consectetur vel','100','Minima numquam ratione nisi suscipit sunt officia irure cumque repudiandae amet beatae quas reprehenderit',199),
	(57,'Dai','Pope','xadujo@mailinator.com','Voluptatibus debitis consequuntur beatae ipsum placeat quo quis ut','81','Aut rerum in in laudantium velit',249),
	(58,'Judith','Conley','viteqore@mailinator.net','Rerum quis labore nihil rerum rerum duis magna dolore error labore eiusmod rem doloremque et illum iure Nam itaque','47','Perspiciatis hic amet consequuntur est minus proident qui labore earum saepe ut nostrud dolore eos',249),
	(59,'Francis','Reeves','bawyjuvada@mailinator.net','In pariatur Quis quam quas quia praesentium id dolor tenetur soluta quae quam optio exercitationem neque','22','Eum qui numquam id do perferendis et sit exercitationem nostrud aut voluptate quo perferendis eum fugiat',199),
	(60,'Veda','Garrison','loziveli@mailinator.net','Repellendus Iure sunt est non voluptatem Incididunt iste ex','57','Consequuntur rerum amet dolor exercitationem',249),
	(61,'Heidi','Chavez','nocijyset@mailinator.com','Dolor molestias rerum omnis voluptatem','83','Dolores in suscipit non ad quisquam est laboriosam at aliqua Illum enim laborum Voluptatem inventore veniam amet quo aute',249),
	(62,'Geraldine','Lawrence','wutaw@mailinator.net','Ut ad non fugit nisi ut non','91','Eu aut autem dolorem ullam veniam',498),
	(63,'Lesley','Wise','divukadex@mailinator.net','Quasi minima vel labore ducimus repudiandae velit','48','Natus qui enim eum aliquam dicta nihil ipsam qui voluptate harum quibusdam illo perferendis labore itaque est ullam et unde',249);

/*!40000 ALTER TABLE `Orders` ENABLE KEYS */;
UNLOCK TABLES;


# Dump of table Products
# ------------------------------------------------------------

DROP TABLE IF EXISTS `Products`;

CREATE TABLE `Products` (
  `Id` int(11) NOT NULL AUTO_INCREMENT,
  `Name` text COLLATE utf8mb4_bin NOT NULL,
  `Description` text COLLATE utf8mb4_bin NOT NULL,
  `Price` decimal(10,0) NOT NULL,
  `Slug` text COLLATE utf8mb4_bin,
  `Image` text COLLATE utf8mb4_bin,
  PRIMARY KEY (`Id`)
) ENGINE=InnoDB DEFAULT CHARSET=utf8mb4 COLLATE=utf8mb4_bin;

LOCK TABLES `Products` WRITE;
/*!40000 ALTER TABLE `Products` DISABLE KEYS */;

INSERT INTO `Products` (`Id`, `Name`, `Description`, `Price`, `Slug`, `Image`)
VALUES
	(1,X'416E616C79746963616C204C657869636F6E20746F207468652053657074756167696E74',X'5468652053657074756167696E74202D2074686520616E6369656E7420477265656B207472616E736C6174696F6E206F662074686520486562726577204269626C65202D2077617320616E20696E666C75656E7469616C207472616E736C6174696F6E20666F72204A65777320616E642043687269737469616E73206F66207468652066697273742063656E747572792E',249,X'616E616C79746963616C5F6C657869636F6E5F746F5F7468655F73657074756167696E74',X'68747470733A2F2F7777772E6469652D626962656C2E64652F6D656469612F61727469636C65732F64657461696C2F353133362E6A7067'),
	(2,X'4469652047757465204E6163687269636874202D20476F6F64204E657773',X'54686520456E676C69736820476F6F64204E657773205472616E736C6174696F6E20636F756E747320616D6F6E672074686520776F726C6477696465206C656164696E67204269626C65207472616E736C6174696F6E732E20496E206D616E79204166726963616E20636F756E7472696573206974206973206173207769646573707265616420617320696E204772656174204272697461696E20616E6420696E2074686520556E69746564205374617465732E',199,X'676F6F645F6E657773',X'68747470733A2F2F7777772E6469652D626962656C2E64652F6D656469612F61727469636C65732F73757065722F323536332E6A7067'),
	(3,X'4269626C696120486562726169636120537475747467617274656E736961',X'426C61636B20666C6578692D636F7665722065646974696F6E2E',229,X'6269626C69615F68656272616963615F737475747467617274656E736961',X'68747470733A2F2F7777772E6469652D626962656C2E64652F6D656469612F61727469636C65732F73757065722F353232392E6A7067'),
	(4,X'4E6F76756D2054657374616D656E74756D20477261656365206574204C6174696E65',X'5468697320477265656B2D4C6174696E204E65772054657374616D656E742065646974696F6E2070726F76696465732074686520636F6D706C657465204E6573746C652D416C616E64204E6F76756D2054657374616D656E74756D2047726165636520284E4132382920746F676574686572207769746820746865204E6F76612056756C67617461202845646974696F2074797069636120616C746572612031393836292E20',199,X'6E6F76756D5F74657374616D656E74756D5F6772616563655F65745F6C6174696E65',X'68747470733A2F2F7777772E6469652D626962656C2E64652F6D656469612F61727469636C65732F73757065722F353136332E6A7067'),
	(5,X'4C75746865726269626C65',X'546865204C75746865726269626C6520776974682041706F637279706861206173207374616E646172642065646974696F6E2E20496E206E6577204765726D616E207370656C6C696E672C207479706573657420696E2073656374696F6E732E205073616C6D7320616E6420706F657469632074657874732061726520696E20706F65746963207479706573657474696E672E',299,X'6C75746865726269626C65',X'68747470733A2F2F7777772E6469652D626962656C2E64652F6D656469612F61727469636C65732F73757065722F313532312E6A7067'),
	(20,X'54686520477265656B204E65772054657374616D656E74',X'466F6C6C6F77696E6720696E74656E736976652070726570617261746F727920776F726B2C207468652046696674682045646974696F6E206F66207468652055425320477265656B204E65772054657374616D656E742028225542532035222920686173206E6F77206265656E207075626C69736865642E20',399,X'7468655F677265656B5F6E65775F74657374616D656E74',X'68747470733A2F2F7777772E6469652D626962656C2E64652F6D656469612F61727469636C65732F6C6973742F353131375F33442E6A7067');

/*!40000 ALTER TABLE `Products` ENABLE KEYS */;
UNLOCK TABLES;



/*!40111 SET SQL_NOTES=@OLD_SQL_NOTES */;
/*!40101 SET SQL_MODE=@OLD_SQL_MODE */;
/*!40014 SET FOREIGN_KEY_CHECKS=@OLD_FOREIGN_KEY_CHECKS */;
/*!40101 SET CHARACTER_SET_CLIENT=@OLD_CHARACTER_SET_CLIENT */;
/*!40101 SET CHARACTER_SET_RESULTS=@OLD_CHARACTER_SET_RESULTS */;
/*!40101 SET COLLATION_CONNECTION=@OLD_COLLATION_CONNECTION */;
